date,rain_mm_total,rainy_days,rain_1m,rain_3m,rain_6m,rain_12m,month,rain_clim_monthly,rain_anom
1994-01-31,54.644800000000004,7,54.644800000000004,54.644800000000004,54.644800000000004,54.644800000000004,1,52.49831818181818,2.146481818181826
1994-02-28,53.0698,10,53.0698,107.7146,107.7146,107.7146,2,58.23464545454545,-5.16484545454545
1994-03-31,108.7938,14,108.7938,216.5084,216.5084,216.5084,3,102.0204090909091,6.773390909090907
1994-04-30,113.5943,8,113.5943,275.4579,330.1027,330.1027,4,140.91188181818183,-27.31758181818182
1994-05-31,92.7394,5,92.7394,315.12750000000005,422.8421,422.8421,5,85.74830909090909,6.991090909090914
1994-06-30,12.4192,2,12.4192,218.75289999999998,435.2613,435.2613,6,24.74639090909091,-12.327190909090909
1994-07-31,17.5735,4,17.5735,122.7321,398.19,452.83480000000003,7,13.936318181818182,3.6371818181818174
1994-08-31,36.6071,4,36.6071,66.5998,381.7273,489.44190000000003,8,51.01717272727273,-14.410072727272727
1994-09-30,58.1375,11,58.1375,112.3181,331.071,547.5794000000001,9,104.44834545454545,-46.31084545454544
1994-10-31,121.035,11,121.035,215.77960000000002,338.5117,668.6144,10,121.37387272727273,-0.33887272727272943
1994-11-30,205.4874,19,205.4874,384.6599,451.2597,874.1018,11,114.34001818181818,91.14738181818183
1994-12-31,97.8101,8,97.8101,424.3325,536.6506,971.9119000000001,12,91.00471818181819,6.805381818181814
1995-01-31,56.330200000000005,6,56.330200000000005,359.6277,575.4073000000001,973.5973,1,52.49831818181818,3.8318818181818273
1995-02-28,42.1627,11,42.1627,196.303,580.9629,962.6902,2,58.23464545454545,-16.07194545454545
1995-03-31,106.8955,13,106.8955,205.3884,629.7208999999999,960.7918999999999,3,102.0204090909091,4.8750909090909005
1995-04-30,142.8976,12,142.8976,291.9558,651.5835,990.0952,4,140.91188181818183,1.9857181818181857
1995-05-31,93.94579999999999,8,93.94579999999999,343.73889999999994,540.0419,991.3016000000001,5,85.74830909090909,8.197490909090902
1995-06-30,31.741999999999997,4,31.741999999999997,268.5854,473.9738,1010.6244,6,24.74639090909091,6.995609090909088
1995-07-31,12.4009,4,12.4009,138.0887,430.04449999999997,1005.4518,7,13.936318181818182,-1.5354181818181818
1995-08-31,14.405100000000001,3,14.405100000000001,58.548,402.2869,983.2498,8,51.01717272727273,-36.61207272727273
1995-09-30,98.9088,8,98.9088,125.7148,394.3002,1024.0211,9,104.44834545454545,-5.539545454545447
1995-10-31,110.0738,17,110.0738,223.3877,361.4764,1013.0599,10,121.37387272727273,-11.30007272727272
1995-11-30,143.38569999999999,15,143.38569999999999,352.3683,410.91630000000004,950.9582,11,114.34001818181818,29.045681818181805
1995-12-31,96.3783,9,96.3783,349.8378,475.5526,949.5264,12,91.00471818181819,5.373581818181805
1996-01-31,88.666,14,88.666,328.42999999999995,551.8177000000001,981.8622,1,52.49831818181818,36.16768181818182
1996-02-29,58.5066,14,58.5066,243.55089999999998,595.9191999999999,998.2061,2,58.23464545454545,0.2719545454545482
1996-03-31,100.1616,14,100.1616,247.3342,597.172,991.4722,3,102.0204090909091,-1.8588090909090909
1996-04-30,130.732,11,130.732,289.40020000000004,617.8302,979.3065999999999,4,140.91188181818183,-10.179881818181826
1996-05-31,40.317,4,40.317,271.2106,514.7615,925.6777999999999,5,85.74830909090909,-45.43130909090909
1996-06-30,26.7929,3,26.7929,197.8419,445.1761,920.7287,6,24.74639090909091,2.0465090909090904
1996-07-31,24.624200000000002,5,24.624200000000002,91.7341,381.1343,932.952,7,13.936318181818182,10.68788181818182
1996-08-31,70.8822,11,70.8822,122.29929999999999,393.5099,989.4291,8,51.01717272727273,19.865027272727268
1996-09-30,129.5508,15,129.5508,225.05720000000002,422.8991,1020.0711000000001,9,104.44834545454545,25.102454545454563
1996-10-31,150.2054,16,150.2054,350.63840000000005,442.3725,1060.2027,10,121.37387272727273,28.83152727272727
1996-11-30,169.663,13,169.663,449.41920000000005,571.7185,1086.48,11,114.34001818181818,55.32298181818183
1996-12-31,95.8881,8,95.8881,415.7565,640.8136999999999,1085.9898,12,91.00471818181819,4.883381818181803
1997-01-31,66.325,18,66.325,331.87610000000006,682.5145,1063.6488,1,52.49831818181818,13.826681818181825
1997-02-28,26.6663,7,26.6663,188.87940000000003,638.2986,1031.8085,2,58.23464545454545,-31.56834545454545
1997-03-31,93.3177,9,93.3177,186.30900000000003,602.0655,1024.9646,3,102.0204090909091,-8.702709090909096
1997-04-30,199.4301,19,199.4301,319.4141000000001,651.2902,1093.6627,4,140.91188181818183,58.518218181818185
1997-05-31,104.8656,7,104.8656,397.61340000000007,586.4928,1158.2113000000002,5,85.74830909090909,19.11729090909091
1997-06-30,24.4053,4,24.4053,328.701,515.01,1155.8237,6,24.74639090909091,-0.34109090909090867
1997-07-31,21.3658,3,21.3658,150.63670000000005,470.05080000000004,1152.5653,7,13.936318181818182,7.429481818181818
1997-08-31,24.6252,5,24.6252,70.39630000000005,468.00970000000007,1106.3083,8,51.01717272727273,-26.39197272727273
1997-09-30,52.522499999999994,10,52.522499999999994,98.51350000000005,427.2145,1029.28,9,104.44834545454545,-51.92584545454545
1997-10-31,125.8997,13,125.8997,203.04740000000004,353.6841,1004.9743,10,121.37387272727273,4.52582727272727
1997-11-30,192.514,15,192.514,370.93620000000004,441.3325,1027.8253,11,114.34001818181818,78.17398181818183
1997-12-31,192.5515,17,192.5515,510.9652000000001,609.4787,1124.4887,12,91.00471818181819,101.54678181818181
1998-01-31,83.741,14,83.741,468.8065000000001,671.8539,1141.9047,1,52.49831818181818,31.242681818181822
1998-02-28,58.5903,10,58.5903,334.8828000000001,705.819,1173.8287,2,58.23464545454545,0.35565454545454855
1998-03-31,73.9161,13,73.9161,216.24740000000006,727.2126,1154.4271,3,102.0204090909091,-28.104309090909098
1998-04-30,105.8433,9,105.8433,238.34970000000004,707.1562,1060.8403,4,140.91188181818183,-35.068581818181826
1998-05-31,114.6794,8,114.6794,294.43880000000007,629.3216,1070.6541,5,85.74830909090909,28.931090909090912
1998-06-30,25.5528,7,25.5528,246.07550000000006,462.3229,1071.8016,6,24.74639090909091,0.8064090909090922
1998-07-31,18.8789,4,18.8789,159.11110000000005,397.4608,1069.3147000000001,7,13.936318181818182,4.94258181818182
1998-08-31,40.1613,7,40.1613,84.59300000000006,379.0318,1084.8508,8,51.01717272727273,-10.855872727272732
1998-09-30,70.6929,11,70.6929,129.73310000000004,375.8086,1103.0212000000001,9,104.44834545454545,-33.75544545454545
1998-10-31,176.0963,17,176.0963,286.9505000000001,446.06160000000006,1153.2178000000001,10,121.37387272727273,54.72242727272729
1998-11-30,116.42320000000001,8,116.42320000000001,363.2124000000001,447.8054000000001,1077.127,11,114.34001818181818,2.083181818181828
1998-12-31,85.39869999999999,2,85.39869999999999,377.91820000000007,507.6513000000001,969.9742,12,91.00471818181819,-5.6060181818182
1999-01-31,57.8667,13,57.8667,259.68860000000006,546.6391,944.0999,1,52.49831818181818,5.368381818181824
1999-02-28,32.2986,7,32.2986,175.56400000000008,538.7764000000001,917.8081999999999,2,58.23464545454545,-25.93604545454545
1999-03-31,101.61789999999999,17,101.61789999999999,191.78320000000008,569.7014,945.51,3,102.0204090909091,-0.40250909090910625
1999-04-30,104.2416,7,104.2416,238.15810000000008,497.84670000000006,943.9083,4,140.91188181818183,-36.67028181818182
1999-05-31,11.828700000000001,2,11.828700000000001,217.68820000000008,393.2522000000001,841.0576,5,85.74830909090909,-73.91960909090909
1999-06-30,16.3326,2,16.3326,132.4029000000001,324.1861,831.8374,6,24.74639090909091,-8.41379090909091
1999-07-31,13.6348,3,13.6348,41.79610000000009,279.95420000000007,826.5933,7,13.936318181818182,-0.3015181818181816
1999-08-31,69.9903,10,69.9903,99.95770000000009,317.64590000000004,856.4223,8,51.01717272727273,18.973127272727275
1999-09-30,81.083,8,81.083,164.7081000000001,297.11100000000005,866.8124,9,104.44834545454545,-23.365345454545448
1999-10-31,146.276,11,146.276,297.3493000000001,339.14540000000005,836.9921,10,121.37387272727273,24.902127272727284
1999-11-30,114.0784,10,114.0784,341.4374000000001,441.3951,834.6473,11,114.34001818181818,-0.26161818181817864
1999-12-31,89.7188,8,89.7188,350.07320000000004,514.7813000000001,838.9674,12,91.00471818181819,-1.2859181818181895
2000-01-31,52.250299999999996,13,52.250299999999996,256.04750000000007,553.3968,833.351,1,52.49831818181818,-0.24801818181818192
2000-02-29,47.4401,9,47.4401,189.4092000000001,530.8466000000001,848.4925000000001,2,58.23464545454545,-10.79454545454545
2000-03-31,64.19539999999999,12,64.19539999999999,163.88580000000007,513.9590000000001,811.07,3,102.0204090909091,-37.825009090909106
2000-04-30,145.5695,13,145.5695,257.2050000000001,513.2525,852.3978999999999,4,140.91188181818183,4.657618181818179
2000-05-31,87.4981,7,87.4981,297.2630000000001,486.6722000000001,928.0672999999999,5,85.74830909090909,1.7497909090909047
2000-06-30,15.8551,2,15.8551,248.92270000000008,412.8085000000001,927.5898,6,24.74639090909091,-8.891290909090909
2000-07-31,18.3681,3,18.3681,121.72130000000007,378.9263,932.3231,7,13.936318181818182,4.4317818181818165
2000-08-31,34.5666,4,34.5666,68.78980000000008,366.05280000000005,896.8994,8,51.01717272727273,-16.45057272727273
2000-09-30,72.71889999999999,11,72.71889999999999,125.65360000000007,374.57630000000006,888.5352999999999,9,104.44834545454545,-31.729445454545456
2000-10-31,158.9502,16,158.9502,266.23570000000007,387.95700000000005,901.2094999999999,10,121.37387272727273,37.57632727272727
2000-11-30,146.3131,18,146.3131,377.98220000000003,446.77200000000005,933.4442,11,114.34001818181818,31.97308181818181
2000-12-31,120.5174,10,120.5174,425.7807000000001,551.4343,964.2428,12,91.00471818181819,29.512681818181804
2001-01-31,58.8543,14,58.8543,325.68480000000005,591.9205,970.8467999999999,1,52.49831818181818,6.355981818181824
2001-02-28,37.6382,7,37.6382,217.00990000000007,594.9921,961.0449,2,58.23464545454545,-20.596445454545453
2001-03-31,109.4728,15,109.4728,205.96530000000007,631.7460000000001,1006.3223,3,102.0204090909091,7.452390909090909
2001-04-30,145.8712,14,145.8712,292.98220000000003,618.667,1006.6239999999999,4,140.91188181818183,4.959318181818162
2001-05-31,71.3769,4,71.3769,326.72090000000003,543.7308,990.5028,5,85.74830909090909,-14.371409090909083
2001-06-30,20.214100000000002,3,20.214100000000002,237.46220000000005,443.42750000000007,994.8618,6,24.74639090909091,-4.532290909090907
2001-07-31,37.0815,5,37.0815,128.67250000000007,421.65470000000005,1013.5752,7,13.936318181818182,23.14518181818182
2001-08-31,41.355399999999996,6,41.355399999999996,98.65100000000005,425.37190000000004,1020.364,8,51.01717272727273,-9.661772727272734
2001-09-30,117.2342,12,117.2342,195.67110000000005,433.1333000000001,1064.8793,9,104.44834545454545,12.785854545454555
2001-10-31,195.3951,19,195.3951,353.9847000000001,482.6572000000001,1101.3242,10,121.37387272727273,74.02122727272729
2001-11-30,151.0089,12,151.0089,463.6382000000001,562.2892000000002,1106.02,11,114.34001818181818,36.66888181818183
2001-12-31,64.9045,8,64.9045,411.3085000000001,606.9796000000001,1050.4071000000001,12,91.00471818181819,-26.100218181818192
2002-01-31,80.4731,20,80.4731,296.38650000000007,650.3712,1072.0259,1,52.49831818181818,27.974781818181825
2002-02-28,56.1277,9,56.1277,201.50530000000006,665.1435,1090.5154,2,58.23464545454545,-2.1069454545454533
2002-03-31,126.23400000000001,14,126.23400000000001,262.8348000000001,674.1433000000001,1107.2766,3,102.0204090909091,24.21359090909091
2002-04-30,148.9106,15,148.9106,331.2723000000001,627.6588000000002,1110.316,4,140.91188181818183,7.9987181818181625
2002-05-31,114.6202,10,114.6202,389.76480000000004,591.2701000000001,1153.5593000000001,5,85.74830909090909,28.871890909090908
2002-06-30,9.9448,2,9.9448,273.4756,536.3104000000001,1143.2900000000002,6,24.74639090909091,-14.801590909090908
2002-07-31,10.607,4,10.607,135.17200000000005,466.4443,1116.8155000000002,7,13.936318181818182,-3.3293181818181825
2002-08-31,24.4043,3,24.4043,44.956100000000056,434.7209000000001,1099.8644,8,51.01717272727273,-26.61287272727273
2002-09-30,50.425399999999996,10,50.425399999999996,85.43670000000006,358.9123,1033.0556,9,104.44834545454545,-54.02294545454545
2002-10-31,129.7721,14,129.7721,204.60180000000005,339.77380000000005,967.4326000000001,10,121.37387272727273,8.398227272727269
2002-11-30,118.9057,9,118.9057,299.1032,344.0593,935.3294,11,114.34001818181818,4.565681818181815
2002-12-31,84.1733,10,84.1733,332.85110000000003,418.28780000000006,954.5982,12,91.00471818181819,-6.831418181818194
2003-01-31,48.7626,8,48.7626,251.84160000000006,456.44340000000005,922.8877,1,52.49831818181818,-3.7357181818181786
2003-02-28,31.3678,9,31.3678,164.30370000000005,463.40690000000006,898.1278,2,58.23464545454545,-26.86684545454545
2003-03-31,78.9881,9,78.9881,159.11850000000004,491.96960000000007,850.8819000000001,3,102.0204090909091,-23.032309090909095
2003-04-30,118.41329999999999,8,118.41329999999999,228.76920000000007,480.61080000000004,820.3846,4,140.91188181818183,-22.498581818181833
2003-05-31,100.5638,9,100.5638,297.96520000000004,462.26890000000003,806.3282,5,85.74830909090909,14.815490909090911
2003-06-30,36.0013,6,36.0013,254.97840000000008,414.0969,832.3847,6,24.74639090909091,11.254909090909091
2003-07-31,7.7441,1,7.7441,144.30920000000006,373.07840000000004,829.5218,7,13.936318181818182,-6.192218181818181
2003-08-31,51.4032,13,51.4032,95.14860000000006,393.1138,856.5207,8,51.01717272727273,0.38602727272726867
2003-09-30,111.2997,18,111.2997,170.44700000000006,425.4254000000001,917.395,9,104.44834545454545,6.851354545454555
2003-10-31,127.2769,19,127.2769,289.97980000000007,434.28900000000004,914.8998,10,121.37387272727273,5.903027272727272
2003-11-30,113.598,12,113.598,352.17460000000005,447.32320000000004,909.5921000000001,11,114.34001818181818,-0.7420181818181817
2003-12-31,58.0812,5,58.0812,298.95610000000005,469.40310000000005,883.5,12,91.00471818181819,-32.92351818181819
2004-01-31,68.8353,11,68.8353,240.51450000000006,530.4943000000001,903.5726999999999,1,52.49831818181818,16.336981818181826
2004-02-29,57.439099999999996,10,57.439099999999996,184.35560000000007,536.5302,929.644,2,58.23464545454545,-0.7955454545454543
2004-03-31,101.1221,17,101.1221,227.39650000000006,526.3526,951.7779999999999,3,102.0204090909091,-0.8983090909090947
2004-04-30,160.0563,12,160.0563,318.61750000000006,559.1320000000001,993.421,4,140.91188181818183,19.144418181818168
2004-05-31,77.0594,7,77.0594,338.23780000000005,522.5934000000001,969.9166,5,85.74830909090909,-8.688909090909092
2004-06-30,12.4489,2,12.4489,249.56460000000007,476.96110000000004,946.3642,6,24.74639090909091,-12.297490909090909
2004-07-31,5.7238,1,5.7238,95.23210000000006,413.8496,944.3439,7,13.936318181818182,-8.212518181818183
2004-08-31,42.7674,7,42.7674,60.94010000000006,399.1779000000001,935.7081,8,51.01717272727273,-8.249772727272727
2004-09-30,104.481,11,104.481,152.97220000000004,402.5368,928.8893999999999,9,104.44834545454545,0.032654545454548156
2004-10-31,104.9616,11,104.9616,252.21000000000004,347.44210000000004,906.5741,10,121.37387272727273,-16.412272727272722
2004-11-30,96.8437,8,96.8437,306.28630000000004,367.22640000000007,889.8198,11,114.34001818181818,-17.496318181818182
2004-12-31,80.7891,10,80.7891,282.59440000000006,435.56660000000005,912.5277,12,91.00471818181819,-10.215618181818186
2005-01-31,60.4357,5,60.4357,238.06850000000006,490.27850000000007,904.1281,1,52.49831818181818,7.937381818181819
2005-02-28,36.4066,8,36.4066,177.63140000000007,483.9177,883.0956,2,58.23464545454545,-21.828045454545453
2005-03-31,118.2799,17,118.2799,215.12220000000005,497.7166,900.2534,3,102.0204090909091,16.2594909090909
2005-04-30,147.296,12,147.296,301.9825000000001,540.051,887.4931,4,140.91188181818183,6.384118181818167
2005-05-31,103.7621,7,103.7621,369.338,546.9694000000001,914.1958,5,85.74830909090909,18.013790909090915
2005-06-30,24.9209,4,24.9209,275.97900000000004,491.1012,926.6677999999999,6,24.74639090909091,0.1745090909090905
2005-07-31,9.154399999999999,3,9.154399999999999,137.83740000000006,439.8199,930.0984,7,13.936318181818182,-4.781918181818183
2005-08-31,48.638600000000004,11,48.638600000000004,82.71390000000005,452.05190000000005,935.9696,8,51.01717272727273,-2.3785727272727257
2005-09-30,112.4302,14,112.4302,170.22320000000008,446.20220000000006,943.9188,9,104.44834545454545,7.981854545454553
2005-10-31,94.8636,13,94.8636,255.93240000000006,393.7698000000001,933.8208,10,121.37387272727273,-26.51027272727272
2005-11-30,74.4848,7,74.4848,281.7786000000001,364.4925000000001,911.4619,11,114.34001818181818,-39.855218181818174
2005-12-31,40.4577,5,40.4577,209.80610000000007,380.0293000000001,871.1305,12,91.00471818181819,-50.54701818181819
2006-01-31,36.101600000000005,8,36.101600000000005,151.04410000000007,406.9765000000001,846.7964,1,52.49831818181818,-16.396718181818173
2006-02-28,58.56550000000001,9,58.56550000000001,135.12480000000008,416.9034000000001,868.9553,2,58.23464545454545,0.3308545454545566
2006-03-31,90.6437,14,90.6437,185.31080000000009,395.1169000000001,841.3190999999999,3,102.0204090909091,-11.376709090909102
2006-04-30,170.3942,14,170.3942,319.6034000000001,470.64750000000004,864.4173000000001,4,140.91188181818183,29.482318181818187
2006-05-31,113.4357,17,113.4357,374.4736000000001,509.5984000000001,874.0909,5,85.74830909090909,27.687390909090908
2006-06-30,13.7783,1,13.7783,297.60820000000007,482.91900000000004,862.9483,6,24.74639090909091,-10.96809090909091
2006-07-31,12.994299999999999,4,12.994299999999999,140.2083000000001,459.81170000000003,866.7882000000001,7,13.936318181818182,-0.9420181818181828
2006-08-31,67.2676,9,67.2676,94.04020000000008,468.51380000000006,885.4172000000001,8,51.01717272727273,16.250427272727272
2006-09-30,82.6548,15,82.6548,162.91670000000008,460.5249000000001,855.6418,9,104.44834545454545,-21.793545454545452
2006-10-31,90.7069,8,90.7069,240.62930000000006,380.8376,851.4851,10,121.37387272727273,-30.66697272727272
2006-11-30,143.1047,19,143.1047,316.46640000000014,410.5066000000001,920.105,11,114.34001818181818,28.764681818181828
2006-12-31,136.7427,17,136.7427,370.5543000000001,533.4710000000001,1016.3900000000001,12,91.00471818181819,45.73798181818182
2007-01-31,50.4952,11,50.4952,330.3426000000001,570.9719,1030.7836,1,52.49831818181818,-2.0031181818181807
2007-02-28,66.4774,18,66.4774,253.71530000000013,570.1817000000001,1038.6955,2,58.23464545454545,8.242754545454552
2007-03-31,89.4601,14,89.4601,206.43270000000012,576.9870000000001,1037.5119,3,102.0204090909091,-12.5603090909091
2007-04-30,119.62,9,119.62,275.5575000000001,605.9001000000001,986.7377,4,140.91188181818183,-21.29188181818182
2007-05-31,100.039,4,100.039,309.1191000000001,562.8344000000001,973.341,5,85.74830909090909,14.290690909090912
2007-06-30,33.6896,6,33.6896,253.3486000000001,459.78130000000004,993.2523000000001,6,24.74639090909091,8.94320909090909
2007-07-31,38.922,7,38.922,172.6506000000001,448.20810000000006,1019.18,7,13.936318181818182,24.985681818181817
2007-08-31,39.5519,8,39.5519,112.16350000000011,421.28260000000006,991.4643,8,51.01717272727273,-11.465272727272726
2007-09-30,111.5414,13,111.5414,190.0153000000001,443.36390000000006,1020.3509,9,104.44834545454545,7.0930545454545495
2007-10-31,74.4845,11,74.4845,225.5778000000001,398.2284,1004.1285,10,121.37387272727273,-46.88937272727273
2007-11-30,117.277,10,117.277,303.3029000000001,415.4664,978.3008,11,114.34001818181818,2.9369818181818204
2007-12-31,70.9019,10,70.9019,262.66340000000014,452.67870000000005,912.4599999999999,12,91.00471818181819,-20.102818181818193
2008-01-31,66.6234,13,66.6234,254.80230000000012,480.3801,928.5882,1,52.49831818181818,14.125081818181826
2008-02-29,47.3888,15,47.3888,184.91410000000013,488.21700000000004,909.4996,2,58.23464545454545,-10.845845454545447
2008-03-31,119.1572,12,119.1572,233.1694000000001,495.8328,939.1967,3,102.0204090909091,17.136790909090905
2008-04-30,89.1036,6,89.1036,255.64960000000013,510.4519000000001,908.6803,4,140.91188181818183,-51.808281818181825
2008-05-31,63.6114,7,63.6114,271.87220000000013,456.7863000000001,872.2527,5,85.74830909090909,-22.136909090909086
2008-06-30,29.5905,4,29.5905,182.30550000000014,415.4749000000001,868.1536,6,24.74639090909091,4.84410909090909
2008-07-31,10.3323,3,10.3323,103.53420000000011,359.1838000000001,839.5639000000001,7,13.936318181818182,-3.604018181818182
2008-08-31,71.0997,9,71.0997,111.02250000000011,382.89470000000006,871.1117,8,51.01717272727273,20.08252727272727
2008-09-30,111.9453,14,111.9453,193.3773000000001,375.6828000000001,871.5156000000001,9,104.44834545454545,7.496954545454557
2008-10-31,88.0761,10,88.0761,271.12110000000007,374.65530000000007,885.1072,10,121.37387272727273,-33.29777272727273
2008-11-30,77.4311,10,77.4311,277.4525000000001,388.475,845.2613,11,114.34001818181818,-36.90891818181818
2008-12-31,69.3099,6,69.3099,234.8171000000001,428.19440000000003,843.6693,12,91.00471818181819,-21.694818181818192
2009-01-31,52.1542,15,52.1542,198.8952000000001,470.01630000000006,829.2001,1,52.49831818181818,-0.34411818181817466
2009-02-28,62.1294,11,62.1294,183.59350000000012,461.04600000000005,843.9407,2,58.23464545454545,3.8947545454545462
2009-03-31,103.77969999999999,15,103.77969999999999,218.0633000000001,452.8804,828.5632,3,102.0204090909091,1.7592909090908933
2009-04-30,110.7007,8,110.7007,276.6098000000001,475.50500000000005,850.1603,4,140.91188181818183,-30.211181818181828
2009-05-31,62.188199999999995,6,62.188199999999995,276.6686000000001,460.2621000000001,848.7370999999999,5,85.74830909090909,-23.560109090909094
2009-06-30,7.4924,2,7.4924,180.3813000000001,398.44460000000004,826.639,6,24.74639090909091,-17.25399090909091
2009-07-31,8.2741,1,8.2741,77.95470000000012,354.56450000000007,824.5808,7,13.936318181818182,-5.662218181818181
2009-08-31,43.8915,8,43.8915,59.658000000000115,336.3266000000001,797.3725999999999,8,51.01717272727273,-7.125672727272729
2009-09-30,64.832,7,64.832,116.9976000000001,297.37890000000004,750.2592999999999,9,104.44834545454545,-39.61634545454545
2009-10-31,108.86189999999999,8,108.86189999999999,217.5854000000001,295.54010000000005,771.0450999999999,10,121.37387272727273,-12.511972727272735
2009-11-30,139.6202,15,139.6202,313.3141000000001,372.97210000000007,833.2342,11,114.34001818181818,25.28018181818183
2009-12-31,94.2993,16,94.2993,342.78140000000013,459.77900000000005,858.2236,12,91.00471818181819,3.294581818181811
2010-01-31,75.9444,11,75.9444,309.8639000000001,527.4493000000001,882.0138000000001,1,52.49831818181818,23.446081818181824
2010-02-28,115.2091,13,115.2091,285.45280000000014,598.7669000000001,935.0935000000001,2,58.23464545454545,56.974454545454556
2010-03-31,85.7313,13,85.7313,276.8848000000001,619.6662000000001,917.0450999999999,3,102.0204090909091,-16.289109090909093
2010-04-30,137.4599,11,137.4599,338.40030000000013,648.2642000000001,943.8043,4,140.91188181818183,-3.451981818181821
2010-05-31,97.6188,12,97.6188,320.81000000000006,606.2628000000001,979.2349,5,85.74830909090909,11.870490909090904
2010-06-30,28.0853,5,28.0853,263.1640000000001,540.0488,999.8278,6,24.74639090909091,3.338909090909091
2010-07-31,8.8378,2,8.8378,134.5419000000001,472.94220000000007,1000.3915,7,13.936318181818182,-5.098518181818182
2010-08-31,18.6381,4,18.6381,55.56120000000011,376.37120000000004,975.1381,8,51.01717272727273,-32.37907272727273
2010-09-30,74.6488,9,74.6488,102.1247000000001,365.28870000000006,984.9549000000001,9,104.44834545454545,-29.799545454545452
2010-10-31,133.3921,17,133.3921,226.6790000000001,361.22090000000003,1009.4851000000001,10,121.37387272727273,12.018227272727273
2010-11-30,105.9059,15,105.9059,313.9468000000001,369.50800000000004,975.7708,11,114.34001818181818,-8.434118181818178
2010-12-31,114.45,13,114.45,353.7480000000001,455.87270000000007,995.9214999999999,12,91.00471818181819,23.44528181818181
2011-01-31,43.2193,9,43.2193,263.5752000000001,490.2542,963.1964,1,52.49831818181818,-9.27901818181818
2011-02-28,56.2494,9,56.2494,213.91870000000011,527.8655,904.2366999999999,2,58.23464545454545,-1.9852454545454492
2011-03-31,79.8673,10,79.8673,179.33600000000013,533.0840000000001,898.3727,3,102.0204090909091,-22.153109090909098
2011-04-30,148.5736,12,148.5736,284.6903000000001,548.2655000000001,909.4864,4,140.91188181818183,7.661718181818173
2011-05-31,78.1415,8,78.1415,306.5824000000001,520.5011000000001,890.0091,5,85.74830909090909,-7.6068090909090955
2011-06-30,33.3251,2,33.3251,260.04020000000014,439.37620000000004,895.2488999999999,6,24.74639090909091,8.57870909090909
2011-07-31,22.1186,4,22.1186,133.58520000000013,418.2755000000001,908.5297,7,13.936318181818182,8.182281818181819
2011-08-31,70.1314,10,70.1314,125.57510000000015,432.1575,960.023,8,51.01717272727273,19.11422727272727
2011-09-30,135.8653,14,135.8653,228.11530000000013,488.1555,1021.2394999999999,9,104.44834545454545,31.416954545454544
2011-10-31,204.9999,17,204.9999,410.99660000000017,544.5818,1092.8473,10,121.37387272727273,83.62602727272727
2011-11-30,136.2982,14,136.2982,477.16340000000014,602.7385,1123.2395999999999,11,114.34001818181818,21.958181818181828
2011-12-31,88.1386,10,88.1386,429.4367000000001,657.552,1096.9282,12,91.00471818181819,-2.8661181818181944
2012-01-31,34.716,11,34.716,259.1528000000001,670.1494,1088.4249,1,52.49831818181818,-17.782318181818177
2012-02-29,61.9675,14,61.9675,184.82210000000015,661.9855,1094.1429999999998,2,58.23464545454545,3.7328545454545505
2012-03-31,77.7037,12,77.7037,174.38720000000015,603.8239000000001,1091.9794,3,102.0204090909091,-24.3167090909091
2012-04-30,227.5243,15,227.5243,367.19550000000015,626.3483000000001,1170.9301,4,140.91188181818183,86.61241818181819
2012-05-31,128.8057,7,128.8057,434.0337000000002,618.8558,1221.5943,5,85.74830909090909,43.05739090909091
2012-06-30,44.0409,3,44.0409,400.3709000000002,574.7581,1232.3101,6,24.74639090909091,19.29450909090909
2012-07-31,8.7685,1,8.7685,181.61510000000015,548.8106,1218.96,7,13.936318181818182,-5.167818181818182
2012-08-31,68.7951,8,68.7951,121.60450000000014,555.6382000000001,1217.6237,8,51.01717272727273,17.777927272727275
2012-09-30,84.8199,11,84.8199,162.38350000000014,562.7544,1166.5783000000001,9,104.44834545454545,-19.628445454545442
2012-10-31,190.5706,18,190.5706,344.18560000000014,525.8007,1152.1490000000001,10,121.37387272727273,69.19672727272729
2012-11-30,135.3438,13,135.3438,410.73430000000013,532.3388,1151.1946,11,114.34001818181818,21.003781818181807
2012-12-31,125.0476,11,125.0476,450.9620000000001,613.3455,1188.1036,12,91.00471818181819,34.04288181818181
2013-01-31,47.072199999999995,7,47.072199999999995,307.4636000000001,651.6492000000001,1200.4598,1,52.49831818181818,-5.4261181818181825
2013-02-28,33.7232,6,33.7232,205.8430000000001,616.5773,1172.2155,2,58.23464545454545,-24.511445454545452
2013-03-31,124.0671,16,124.0671,204.86250000000013,655.8245,1218.5789,3,102.0204090909091,22.0466909090909
2013-04-30,119.21209999999999,13,119.21209999999999,277.0024000000001,584.466,1110.2667000000001,4,140.91188181818183,-21.699781818181833
2013-05-31,75.2959,6,75.2959,318.57510000000013,524.4181000000001,1056.7568999999999,5,85.74830909090909,-10.452409090909086
2013-06-30,9.9555,2,9.9555,204.46350000000012,409.3260000000001,1022.6714999999999,6,24.74639090909091,-14.790890909090908
2013-07-31,14.507200000000001,3,14.507200000000001,99.75860000000013,376.7610000000001,1028.4102,7,13.936318181818182,0.5708818181818192
2013-08-31,41.1756,13,41.1756,65.63830000000013,384.21340000000004,1000.7907,8,51.01717272727273,-9.841572727272727
2013-09-30,142.04919999999998,13,142.04919999999998,197.7320000000001,402.19550000000004,1058.02,9,104.44834545454545,37.60085454545454
2013-10-31,120.7238,14,120.7238,303.9486000000001,403.70720000000006,988.1732,10,121.37387272727273,-0.6500727272727289
2013-11-30,123.8763,11,123.8763,386.64930000000015,452.28760000000005,976.7057,11,114.34001818181818,9.53628181818182
2013-12-31,97.5887,6,97.5887,342.1888000000001,539.9208,949.2467999999999,12,91.00471818181819,6.583981818181812
2014-01-31,41.8842,12,41.8842,263.34920000000017,567.2978,944.0588,1,52.49831818181818,-10.614118181818178
2014-02-28,45.0251,14,45.0251,184.49800000000016,571.1473,955.3607,2,58.23464545454545,-13.209545454545449
2014-03-31,132.4124,13,132.4124,219.32170000000013,561.5105000000001,963.7059999999999,3,102.0204090909091,30.391990909090893
2014-04-30,120.09,7,120.09,297.52750000000015,560.8767,964.5839,4,140.91188181818183,-20.821881818181822
2014-05-31,43.2737,5,43.2737,295.77610000000016,480.27410000000003,932.5617,5,85.74830909090909,-42.47460909090909
2014-06-30,34.8829,5,34.8829,198.24660000000014,417.5683,957.4891,6,24.74639090909091,10.13650909090909
2014-07-31,13.666500000000001,3,13.666500000000001,91.82310000000014,389.35060000000004,956.6484,7,13.936318181818182,-0.26981818181818085
2014-08-31,49.232,11,49.232,97.78140000000013,393.55750000000006,964.7048,8,51.01717272727273,-1.7851727272727302
2014-09-30,123.6639,6,123.6639,186.56240000000014,384.8090000000001,946.3195000000001,9,104.44834545454545,19.21555454545455
2014-10-31,123.4716,15,123.4716,296.3675000000001,388.1906,949.0672999999999,10,121.37387272727273,2.097727272727269
2014-11-30,107.5545,14,107.5545,354.69000000000017,452.4714000000001,932.7455,11,114.34001818181818,-6.785518181818176
2014-12-31,83.3264,8,83.3264,314.35250000000013,500.91490000000005,918.4832,12,91.00471818181819,-7.6783181818181845
2015-01-31,22.799999999999997,5,22.799999999999997,213.68090000000015,510.0484000000001,899.3989999999999,1,52.49831818181818,-29.69831818181818
2015-02-28,32.471199999999996,7,32.471199999999996,138.59760000000014,493.28760000000005,886.8451,2,58.23464545454545,-25.763445454545455
2015-03-31,96.7391,10,96.7391,152.01030000000014,466.3628000000001,851.1718000000001,3,102.0204090909091,-5.2813090909091045
2015-04-30,134.3172,16,134.3172,263.52750000000015,477.2084000000001,865.399,4,140.91188181818183,-6.594681818181812
2015-05-31,58.873,4,58.873,289.9293000000002,428.52690000000007,880.9983,5,85.74830909090909,-26.87530909090909
2015-06-30,30.723200000000002,5,30.723200000000002,223.91340000000017,375.92370000000005,876.8386,6,24.74639090909091,5.976809090909093
2015-07-31,9.0953,2,9.0953,98.69150000000015,362.21900000000005,872.2674,7,13.936318181818182,-4.841018181818182
2015-08-31,44.6638,6,44.6638,84.48230000000015,374.4116,867.6992,8,51.01717272727273,-6.353372727272728
2015-09-30,87.6385,8,87.6385,141.39760000000012,365.31100000000004,831.6738,9,104.44834545454545,-16.809845454545453
2015-10-31,122.9522,10,122.9522,255.25450000000012,353.946,831.1544,10,121.37387272727273,1.5783272727272788
2015-11-30,169.1597,13,169.1597,379.7504000000001,464.2327,892.7596000000001,11,114.34001818181818,54.819681818181806
2015-12-31,69.8254,9,69.8254,361.9373000000001,503.33490000000006,879.2586,12,91.00471818181819,-21.17931818181819
2016-01-31,59.9354,10,59.9354,298.9205000000001,554.1750000000001,916.3939999999999,1,52.49831818181818,7.437081818181824
2016-02-29,37.790400000000005,7,37.790400000000005,167.55120000000016,547.3016,921.7132,2,58.23464545454545,-20.444245454545445
2016-03-31,119.1454,11,119.1454,216.87120000000016,578.8085,944.1195,3,102.0204090909091,17.124990909090897
2016-04-30,188.4104,18,188.4104,345.3462000000001,644.2667000000001,998.2127,4,140.91188181818183,47.498518181818184
2016-05-31,70.9677,5,70.9677,378.5235000000001,546.0747,1010.3074,5,85.74830909090909,-14.780609090909095
2016-06-30,17.3614,3,17.3614,276.73950000000013,493.61070000000007,996.9456,6,24.74639090909091,-7.384990909090909
2016-07-31,7.4055,2,7.4055,95.73460000000011,441.08080000000007,995.2558,7,13.936318181818182,-6.530818181818182
2016-08-31,18.932000000000002,3,18.932000000000002,43.698900000000116,422.22240000000005,969.524,8,51.01717272727273,-32.08517272727273
2016-09-30,79.2011,10,79.2011,105.53860000000012,382.2781,961.0866000000001,9,104.44834545454545,-25.24724545454545
2016-10-31,106.328,12,106.328,204.4611000000001,300.19570000000004,944.4624,10,121.37387272727273,-15.045872727272723
2016-11-30,137.1348,15,137.1348,322.6639000000001,366.3628000000001,912.4375,11,114.34001818181818,22.794781818181832
2016-12-31,74.518,3,74.518,317.98080000000016,423.5194000000001,917.1301000000001,12,91.00471818181819,-16.48671818181819
2017-01-31,39.1432,4,39.1432,250.79600000000013,455.25710000000004,896.3379000000001,1,52.49831818181818,-13.355118181818177
2017-02-28,66.1411,15,66.1411,179.80230000000014,502.4662000000001,924.6886,2,58.23464545454545,7.906454545454544
2017-03-31,115.0685,12,115.0685,220.35280000000014,538.3336,920.6116999999999,3,102.0204090909091,13.048090909090902
2017-04-30,129.2175,8,129.2175,310.4271000000001,561.2231,861.4188,4,140.91188181818183,-11.694381818181824
2017-05-31,111.8854,6,111.8854,356.1714000000002,535.9737,902.3365,5,85.74830909090909,26.137090909090915
2017-06-30,13.6316,3,13.6316,254.73450000000014,475.0873000000001,898.6066999999999,6,24.74639090909091,-11.114790909090908
2017-07-31,23.8518,6,23.8518,149.36880000000014,459.7959000000001,915.053,7,13.936318181818182,9.915481818181819
2017-08-31,66.73780000000001,13,66.73780000000001,104.22120000000015,460.3926,962.8588,8,51.01717272727273,15.720627272727278
2017-09-30,89.3111,14,89.3111,179.90070000000014,434.63520000000005,972.9688,9,104.44834545454545,-15.13724545454545
2017-10-31,133.77870000000001,14,133.77870000000001,289.8276000000002,439.1964000000001,1000.4195,10,121.37387272727273,12.404827272727289
2017-11-30,150.0133,12,150.0133,373.10310000000015,477.3243,1013.298,11,114.34001818181818,35.673281818181806
2017-12-31,61.3089,6,61.3089,345.10090000000014,525.0016,1000.0889,12,91.00471818181819,-29.69581818181819
2018-01-31,58.76,10,58.76,270.0822000000001,559.9098,1019.7057,1,52.49831818181818,6.26168181818182
2018-02-28,32.0704,12,32.0704,152.13930000000013,525.2424000000001,985.635,2,58.23464545454545,-26.16424545454545
2018-03-31,136.566,20,136.566,227.39640000000014,572.4973,1007.1324999999999,3,102.0204090909091,34.545590909090905
2018-04-30,190.9623,15,190.9623,359.5987000000001,629.6809000000001,1068.8772999999999,4,140.91188181818183,50.05041818181817
2018-05-31,87.3171,6,87.3171,414.84540000000015,566.9847000000001,1044.309,5,85.74830909090909,1.5687909090909073
2018-06-30,35.688900000000004,2,35.688900000000004,313.9683000000001,541.3647000000001,1066.3663000000001,6,24.74639090909091,10.942509090909095
2018-07-31,5.496,2,5.496,128.50200000000015,488.1007,1048.0104999999999,7,13.936318181818182,-8.440318181818181
2018-08-31,65.8342,13,65.8342,107.01910000000014,521.8645,1047.1069,8,51.01717272727273,14.817027272727266
2018-09-30,135.9424,12,135.9424,207.27260000000012,521.2409,1093.7382,9,104.44834545454545,31.494054545454546
2018-10-31,132.6308,13,132.6308,334.4074000000001,462.9094,1092.5902999999998,10,121.37387272727273,11.256927272727268
2018-11-30,94.0865,7,94.0865,362.65970000000016,469.6788,1036.6634999999999,11,114.34001818181818,-20.25351818181818
2018-12-31,131.7015,15,131.7015,358.41880000000015,565.6914,1107.0561,12,91.00471818181819,40.69678181818182
2019-01-31,83.9481,8,83.9481,309.73610000000014,644.1435,1132.2441999999999,1,52.49831818181818,31.44978181818182
2019-02-28,38.321799999999996,6,38.321799999999996,253.97140000000013,616.6311000000001,1138.4956,2,58.23464545454545,-19.912845454545455
2019-03-31,78.0607,15,78.0607,200.33060000000012,558.7494,1079.9903,3,102.0204090909091,-23.9597090909091
2019-04-30,115.8492,14,115.8492,232.23170000000013,541.9678,1004.8771999999999,4,140.91188181818183,-25.06268181818183
2019-05-31,105.2681,9,105.2681,299.1780000000001,553.1494,1022.8281999999999,5,85.74830909090909,19.519790909090915
2019-06-30,30.2981,12,30.2981,251.41540000000015,451.74600000000004,1017.4374,6,24.74639090909091,5.5517090909090925
2019-07-31,23.0272,6,23.0272,158.59340000000014,390.8251,1034.9686,7,13.936318181818182,9.090881818181819
2019-08-31,57.9221,8,57.9221,111.24740000000014,410.4254,1027.0565,8,51.01717272727273,6.904927272727271
2019-09-30,98.60669999999999,7,98.60669999999999,179.55600000000013,430.9714,989.7207999999999,9,104.44834545454545,-5.841645454545457
2019-10-31,159.72400000000002,13,159.72400000000002,316.25280000000015,474.84620000000007,1016.814,10,121.37387272727273,38.35012727272729
2019-11-30,260.9725,19,260.9725,519.3032000000002,630.5506,1183.7,11,114.34001818181818,146.63248181818184
2019-12-31,106.97890000000001,10,106.97890000000001,527.6754000000002,707.2314000000001,1158.9774000000002,12,91.00471818181819,15.974181818181819
2020-01-31,109.46379999999999,13,109.46379999999999,477.41520000000014,793.6680000000001,1184.4931000000001,1,52.49831818181818,56.965481818181814
2020-02-29,42.196,6,42.196,258.6387000000002,777.9419000000001,1188.3673000000001,2,58.23464545454545,-16.038645454545453
2020-03-31,109.1341,22,109.1341,260.7939000000002,788.4693000000001,1219.4407,3,102.0204090909091,7.113690909090906
2020-04-30,246.6375,14,246.6375,397.9676000000002,875.3828000000001,1350.229,4,140.91188181818183,105.72561818181816
2020-05-31,47.1293,9,47.1293,402.90090000000015,661.5396000000001,1292.0902,5,85.74830909090909,-38.61900909090909
2020-06-30,18.581,10,18.581,312.3478000000002,573.1417,1280.3731,6,24.74639090909091,-6.16539090909091
2020-07-31,19.5064,6,19.5064,85.21670000000017,483.18430000000006,1276.8523,7,13.936318181818182,5.5700818181818175
2020-08-31,32.234300000000005,8,32.234300000000005,70.32170000000018,473.2226000000001,1251.1645,8,51.01717272727273,-18.782872727272725
2020-09-30,90.3038,16,90.3038,142.04450000000017,454.39230000000003,1242.8616,9,104.44834545454545,-14.144545454545451
2020-10-31,168.2416,17,168.2416,290.77970000000016,375.99640000000005,1251.3792,10,121.37387272727273,46.86772727272728
2020-11-30,129.9729,14,129.9729,388.5183000000002,458.84000000000003,1120.3796,11,114.34001818181818,15.63288181818183
2020-12-31,157.1556,7,157.1556,455.3701000000002,597.4146000000001,1170.5563,12,91.00471818181819,66.1508818181818
2021-01-31,49.9682,12,49.9682,337.09670000000017,627.8764000000001,1111.0607,1,52.49831818181818,-2.5301181818181746
2021-02-28,47.9783,13,47.9783,255.10210000000018,643.6204000000001,1116.843,2,58.23464545454545,-10.256345454545453
2021-03-31,98.9049,13,98.9049,196.85140000000018,652.2215000000001,1106.6138,3,102.0204090909091,-3.1155090909091
2021-04-30,150.7364,11,150.7364,297.6196000000002,634.7163,1010.7126999999999,4,140.91188181818183,9.824518181818178
2021-05-31,75.0843,8,75.0843,324.7256000000002,579.8277,1038.6677,5,85.74830909090909,-10.66400909090909
2021-06-30,10.8703,2,10.8703,236.6910000000002,433.54240000000004,1030.9569999999999,6,24.74639090909091,-13.876090909090909
2021-07-31,16.715899999999998,2,16.715899999999998,102.6705000000002,400.29010000000005,1028.1665,7,13.936318181818182,2.779581818181816
2021-08-31,51.5186,5,51.5186,79.1048000000002,403.83040000000005,1047.4508,8,51.01717272727273,0.5014272727272697
2021-09-30,93.3098,13,93.3098,161.5443000000002,398.23530000000005,1050.4568,9,104.44834545454545,-11.13854545454545
2021-10-31,121.74210000000001,9,121.74210000000001,266.5705000000002,369.24100000000004,1003.9572999999999,10,121.37387272727273,0.36822727272728173
2021-11-30,102.4656,11,102.4656,317.5175000000002,396.62230000000005,976.4499999999999,11,114.34001818181818,-11.874418181818186
2021-12-31,94.5752,11,94.5752,318.7829000000002,480.32720000000006,913.8696,12,91.00471818181819,3.570481818181804
2022-01-31,63.5487,15,63.5487,260.5895000000002,527.1600000000001,927.4501,1,52.49831818181818,11.050381818181819
2022-02-28,81.6991,20,81.6991,239.8230000000002,557.3405,961.1709,2,58.23464545454545,23.46445454545455
2022-03-31,91.6117,10,91.6117,236.8595000000002,555.6424000000001,953.8777,3,102.0204090909091,-10.408709090909099
2022-04-30,262.8557,11,262.8557,436.1665000000002,696.7560000000001,1065.997,4,140.91188181818183,121.94381818181819
2022-05-31,60.769099999999995,6,60.769099999999995,415.2365000000002,655.0595000000001,1051.6818,5,85.74830909090909,-24.979209090909094
2022-06-30,10.0275,2,10.0275,333.6523000000002,570.5118000000001,1050.839,6,24.74639090909091,-14.71889090909091
2022-07-31,0.0,0,0.0,70.79660000000017,506.9631000000001,1034.1231,7,13.936318181818182,-13.936318181818182
2022-08-31,63.9807,6,63.9807,74.00820000000017,489.2447000000001,1046.5852,8,51.01717272727273,12.96352727272727
2022-09-30,68.856,16,68.856,132.83670000000018,466.48900000000003,1022.1314,9,104.44834545454545,-35.59234545454545
2022-10-31,144.7579,14,144.7579,277.5946000000002,348.3912,1045.1472,10,121.37387272727273,23.38402727272728
2022-11-30,135.8974,12,135.8974,349.5113000000002,423.5195000000001,1078.579,11,114.34001818181818,21.557381818181824
2022-12-31,108.4435,12,108.4435,389.0988000000002,521.9355,1092.4473,12,91.00471818181819,17.43878181818181
2023-01-31,57.3166,8,57.3166,301.6575000000002,579.2521,1086.2152,1,52.49831818181818,4.818281818181823
2023-02-28,25.9359,6,25.9359,191.69600000000017,541.2073000000001,1030.452,2,58.23464545454545,-32.298745454545454
2023-03-31,96.8549,15,96.8549,180.10740000000015,569.2062000000001,1035.6952,3,102.0204090909091,-5.165509090909097
2023-04-30,132.8732,14,132.8732,255.66400000000016,557.3215,905.7126999999999,4,140.91188181818183,-8.038681818181828
2023-05-31,55.803399999999996,8,55.803399999999996,285.53150000000016,477.2275000000001,900.747,5,85.74830909090909,-29.944909090909093
2023-06-30,18.2329,3,18.2329,206.90950000000015,387.0169,908.9524,6,24.74639090909091,-6.513490909090908
2023-07-31,0.0,0,0.0,74.03630000000017,329.7003,908.9524,7,13.936318181818182,-13.936318181818182
2023-08-31,8.9799,3,8.9799,27.212800000000172,312.74430000000007,853.9516,8,51.01717272727273,-42.03727272727273
2023-09-30,170.2942,15,170.2942,179.27410000000015,386.18360000000007,955.3897999999999,9,104.44834545454545,65.84585454545454
2023-10-31,128.2784,10,128.2784,307.5525000000001,381.58880000000005,938.9103,10,121.37387272727273,6.904527272727279
2023-11-30,185.2013,15,185.2013,483.77390000000014,510.98670000000004,988.2141999999999,11,114.34001818181818,70.86128181818182
2023-12-31,139.33589999999998,10,139.33589999999998,452.81560000000013,632.0897,1019.1066,12,91.00471818181819,48.33118181818179
2024-01-31,43.114399999999996,14,43.114399999999996,367.65160000000014,675.2041,1004.9044,1,52.49831818181818,-9.383918181818181
2024-02-29,50.1326,7,50.1326,232.58290000000014,716.3568,1029.1010999999999,2,58.23464545454545,-8.102045454545454
2024-03-31,75.7684,12,75.7684,169.01540000000017,621.8310000000001,1008.0146,3,102.0204090909091,-26.252009090909098
2024-04-30,159.6589,17,159.6589,285.5599000000002,653.2115,1034.8002999999999,4,140.91188181818183,18.747018181818163
2024-05-31,62.0301,8,62.0301,297.4574000000002,530.0403,1041.027,5,85.74830909090909,-23.71820909090909
2024-06-30,14.2489,5,14.2489,235.93790000000016,404.95330000000007,1037.043,6,24.74639090909091,-10.497490909090908
2024-07-31,29.7489,7,29.7489,106.02790000000016,391.5878000000001,1066.7919,7,13.936318181818182,15.812581818181817
2024-08-31,34.8668,11,34.8668,78.86460000000017,376.322,1092.6788,8,51.01717272727273,-16.15037272727273
2024-09-30,86.33,5,86.33,150.94570000000016,386.8836,1008.7146,9,104.44834545454545,-18.118345454545448
2024-10-31,122.6319,17,122.6319,243.82870000000017,349.85660000000007,1003.0681,10,121.37387272727273,1.2580272727272757
2024-11-30,178.9619,10,178.9619,387.9238000000002,466.7884,996.8287,11,114.34001818181818,64.62188181818183
2024-12-31,110.8226,6,110.8226,412.4164000000002,563.3621,968.3154,12,91.00471818181819,19.817881818181803
